{"stats":{"minecraft:mined":{"minecraft:grass_block":3,"byg:prairie_grass":2,"minecraft:dirt":10,"byg:tall_prairie_grass":1},"minecraft:picked_up":{"integrateddynamics:on_the_dynamics_of_integration":1,"minecraft:dirt":13},"minecraft:used":{"minecraft:dirt":1},"minecraft:custom":{"minecraft:jump":5,"minecraft:time_since_rest":5924,"minecraft:leave_game":1,"minecraft:play_time":5924,"minecraft:time_since_death":5924,"minecraft:walk_one_cm":1910,"minecraft:total_world_time":5924}},"DataVersion":2975}