{"stats":{"minecraft:mined":{"minecraft:grass_block":3,"byg:prairie_grass":2,"minecraft:dirt":10,"byg:tall_prairie_grass":1},"minecraft:picked_up":{"integrateddynamics:on_the_dynamics_of_integration":1,"minecraft:dirt":13},"minecraft:used":{"minecraft:dirt":1},"minecraft:custom":{"minecraft:jump":5,"minecraft:time_since_rest":15984,"minecraft:leave_game":2,"minecraft:play_time":15984,"minecraft:time_since_death":15984,"minecraft:walk_one_cm":2015,"minecraft:total_world_time":15984}},"DataVersion":2975}